{"x": [21.22022717, 40.32790988, 15.44583089, 63.10184089, 36.74820494, 21.32504343, 95.20656066, 83.0574829, 16.93072488, 86.06369975, 19.53189893, 87.28001536, 57.33192926, 41.6588062, 14.53984516, 88.0359729, 76.72325772, 31.40226075, 33.46246751, 35.76521643, 33.63225197, 73.72535654, 86.04542436, 66.28849802, 91.7894085, 35.90070001, 59.90315061, 24.8054652, 15.97373155, 10.81983515, 82.53747604, 90.72823021, 96.78885463, 69.07507199, 36.39536704, 99.21930152, 82.06379583, 66.89999677, 99.97598335, 76.15891262, 34.37666939, 51.14967195, 95.85981362, 10.63194294, 94.07305249, 74.46049678, 12.22045857, 1.31099007, 6.55080843, 37.53058957], "y": [28.247204915731068, 45.4177981531023, 23.058202606027677, 65.88296453269751, 42.20099481972999, 28.341395163310416, 94.73298745473191, 83.81555305977103, 24.39256172690441, 86.51700710305316, 26.730035204459114, 87.61001565383074, 60.69799223030222, 46.61377150574095, 22.244063461852363, 88.28933609373269, 78.12347591517968, 37.39700919000535, 39.24835729944036, 41.31765924636995, 39.4009294320706, 75.42949451990168, 86.50058442675552, 68.74656626801223, 91.66225770376859, 41.43940783712425, 63.00854953827913, 31.468980408165137, 23.532586006682322, 18.901178838421263, 83.34826320525458, 90.70865903633923, 96.1548723872568, 71.2506442815997, 41.88392675074549, 98.3389266007687, 82.92260351988384, 69.29607279168481, 99.01889790394718, 77.61634272144434, 40.06987966071051, 55.1424768300376, 95.32001525017455, 18.732334674566047, 93.71439153110789, 76.09010806603604, 20.159810530634232, 10.356316883998604, 15.064935457101841, 42.90406323680552]}